date,facility_id,monthly_lease_cost,packaging_storage_allocation,average_monthly_throughput,annual_energy_cost,storage_utilization_percentage,inventory_turnover_rate,packaging_damage_percentage,labor_hours_per_month
2019-01,WH-East,85000,0.30,1200000,210000,82,3.8,1.2,9500
2019-01,WH-Central,120000,0.35,1600000,280000,85,4.0,1.0,13000
2019-01,WH-West,75000,0.25,1000000,190000,80,3.5,1.3,8200
2019-01,WH-Northeast,60000,0.20,800000,160000,75,3.6,1.5,6600
2019-01,WH-Southeast,70000,0.28,950000,180000,78,3.7,1.4,7800
2019-01,WH-Midwest,95000,0.32,1300000,230000,83,3.9,1.1,10500
2019-01,WH-Southwest,0,0,0,0,0,0,0,0
2019-01,WH-Northwest,0,0,0,0,0,0,0,0
2019-01,WH-Overseas1,0,0,0,0,0,0,0,0
2019-01,WH-Overseas2,0,0,0,0,0,0,0,0
2019-02,WH-East,85000,0.30,1220000,210000,83,3.8,1.2,9600
2019-02,WH-Central,120000,0.35,1620000,280000,86,4.0,1.0,13100
2019-02,WH-West,75000,0.25,1020000,190000,81,3.5,1.3,8300
2019-02,WH-Northeast,60000,0.20,820000,160000,76,3.6,1.5,6700
2019-02,WH-Southeast,70000,0.28,970000,180000,79,3.7,1.4,7900
2019-02,WH-Midwest,95000,0.32,1320000,230000,84,3.9,1.1,10600
2019-02,WH-Southwest,0,0,0,0,0,0,0,0
2019-02,WH-Northwest,0,0,0,0,0,0,0,0
2019-02,WH-Overseas1,0,0,0,0,0,0,0,0
2019-02,WH-Overseas2,0,0,0,0,0,0,0,0
2019-03,WH-East,85000,0.30,1240000,210000,84,3.9,1.1,9700
2019-03,WH-Central,120000,0.35,1640000,280000,87,4.0,1.0,13200
2019-03,WH-West,75000,0.25,1040000,190000,82,3.6,1.2,8400
2019-03,WH-Northeast,60000,0.20,840000,160000,77,3.7,1.4,6800
2019-03,WH-Southeast,70000,0.28,990000,180000,80,3.8,1.3,8000
2019-03,WH-Midwest,95000,0.32,1340000,230000,85,3.9,1.1,10700
2019-03,WH-Southwest,0,0,0,0,0,0,0,0
2019-03,WH-Northwest,0,0,0,0,0,0,0,0
2019-03,WH-Overseas1,0,0,0,0,0,0,0,0
2019-03,WH-Overseas2,0,0,0,0,0,0,0,0
2019-04,WH-East,85000,0.30,1230000,210000,83,3.8,1.1,9650
2019-04,WH-Central,120000,0.35,1630000,280000,86,4.0,1.0,13150
2019-04,WH-West,75000,0.25,1030000,190000,81,3.6,1.2,8350
2019-04,WH-Northeast,60000,0.20,830000,160000,76,3.7,1.4,6750
2019-04,WH-Southeast,70000,0.28,980000,180000,79,3.8,1.3,7950
2019-04,WH-Midwest,95000,0.32,1330000,230000,84,3.9,1.1,10650
2019-04,WH-Southwest,0,0,0,0,0,0,0,0
2019-04,WH-Northwest,0,0,0,0,0,0,0,0
2019-04,WH-Overseas1,0,0,0,0,0,0,0,0
2019-04,WH-Overseas2,0,0,0,0,0,0,0,0
2019-05,WH-East,85000,0.30,1250000,210000,84,3.9,1.2,9725
2019-05,WH-Central,120000,0.35,1650000,280000,87,4.0,1.0,13250
2019-05,WH-West,75000,0.25,1050000,190000,82,3.6,1.3,8400
2019-05,WH-Northeast,60000,0.20,850000,160000,77,3.7,1.5,6800
2019-05,WH-Southeast,70000,0.28,1000000,180000,80,3.8,1.4,8100
2019-05,WH-Midwest,95000,0.32,1350000,230000,85,3.9,1.1,10800
2019-05,WH-Southwest,0,0,0,0,0,0,0,0
2019-05,WH-Northwest,0,0,0,0,0,0,0,0
2019-05,WH-Overseas1,0,0,0,0,0,0,0,0
2019-05,WH-Overseas2,0,0,0,0,0,0,0,0
2019-06,WH-East,86500,0.30,1260000,210000,85,3.9,1.1,9800
2019-06,WH-Central,122000,0.35,1660000,280000,88,4.0,1.0,13300
2019-06,WH-West,76500,0.25,1060000,190000,83,3.6,1.2,8450
2019-06,WH-Northeast,61000,0.20,860000,160000,78,3.7,1.4,6850
2019-06,WH-Southeast,71500,0.28,1010000,180000,81,3.8,1.3,8150
2019-06,WH-Midwest,97000,0.32,1360000,230000,86,3.9,1.1,10850
2019-06,WH-Southwest,65000,0.25,800000,170000,75,3.5,1.6,6500
2019-06,WH-Northwest,0,0,0,0,0,0,0,0
2019-06,WH-Overseas1,0,0,0,0,0,0,0,0
2019-06,WH-Overseas2,0,0,0,0,0,0,0,0
2019-07,WH-East,86500,0.30,1270000,210000,86,4.0,1.0,9850
2019-07,WH-Central,122000,0.35,1670000,280000,89,4.0,1.0,13350
2019-07,WH-West,76500,0.25,1070000,190000,84,3.6,1.2,8500
2019-07,WH-Northeast,61000,0.20,870000,160000,79,3.7,1.4,6900
2019-07,WH-Southeast,71500,0.28,1020000,180000,82,3.8,1.3,8200
2019-07,WH-Midwest,97000,0.32,1370000,230000,87,3.9,1.0,10900
2019-07,WH-Southwest,65000,0.25,820000,170000,77,3.5,1.5,6600
2019-07,WH-Northwest,0,0,0,0,0,0,0,0
2019-07,WH-Overseas1,0,0,0,0,0,0,0,0
2019-07,WH-Overseas2,0,0,0,0,0,0,0,0
2019-08,WH-East,86500,0.30,1290000,210000,87,4.0,1.0,9950
2019-08,WH-Central,122000,0.35,1690000,280000,90,4.0,0.9,13450
2019-08,WH-West,76500,0.25,1090000,190000,85,3.7,1.1,8550
2019-08,WH-Northeast,61000,0.20,890000,160000,80,3.8,1.3,6950
2019-08,WH-Southeast,71500,0.28,1040000,180000,83,3.9,1.2,8250
2019-08,WH-Midwest,97000,0.32,1390000,230000,88,4.0,1.0,10950
2019-08,WH-Southwest,65000,0.25,840000,170000,78,3.6,1.5,6700
2019-08,WH-Northwest,0,0,0,0,0,0,0,0
2019-08,WH-Overseas1,0,0,0,0,0,0,0,0
2019-08,WH-Overseas2,0,0,0,0,0,0,0,0
2019-09,WH-East,86500,0.30,1280000,210000,87,4.0,1.1,9900
2019-09,WH-Central,122000,0.35,1680000,280000,90,4.0,0.9,13400
2019-09,WH-West,76500,0.25,1080000,190000,85,3.7,1.1,8525
2019-09,WH-Northeast,61000,0.20,880000,160000,80,3.8,1.3,6925
2019-09,WH-Southeast,71500,0.28,1030000,180000,83,3.9,1.2,8225
2019-09,WH-Midwest,97000,0.32,1380000,230000,88,4.0,1.0,10925
2019-09,WH-Southwest,65000,0.25,830000,170000,78,3.6,1.5,6675
2019-09,WH-Northwest,55000,0.22,700000,150000,76,3.5,1.6,5800
2019-09,WH-Overseas1,0,0,0,0,0,0,0,0
2019-09,WH-Overseas2,0,0,0,0,0,0,0,0
2019-10,WH-East,86500,0.30,1300000,210000,88,4.1,1.0,10000
2019-10,WH-Central,122000,0.35,1700000,280000,91,4.1,0.9,13500
2019-10,WH-West,76500,0.25,1100000,190000,86,3.8,1.0,8575
2019-10,WH-Northeast,61000,0.20,900000,160000,81,3.9,1.2,6975
2019-10,WH-Southeast,71500,0.28,1050000,180000,84,4.0,1.1,8275
2019-10,WH-Midwest,97000,0.32,1400000,230000,89,4.1,0.9,10975
2019-10,WH-Southwest,65000,0.25,850000,170000,79,3.7,1.4,6725
2019-10,WH-Northwest,55000,0.22,720000,150000,77,3.6,1.5,5850
2019-10,WH-Overseas1,0,0,0,0,0,0,0,0
2019-10,WH-Overseas2,0,0,0,0,0,0,0,0
2019-11,WH-East,86500,0.30,1310000,210000,89,4.1,0.9,10050
2019-11,WH-Central,122000,0.35,1710000,280000,91,4.1,0.9,13550
2019-11,WH-West,76500,0.25,1110000,190000,87,3.8,1.0,8600
2019-11,WH-Northeast,61000,0.20,910000,160000,82,3.9,1.2,7000
2019-11,WH-Southeast,71500,0.28,1060000,180000,85,4.0,1.1,8300
2019-11,WH-Midwest,97000,0.32,1410000,230000,90,4.1,0.9,11000
2019-11,WH-Southwest,65000,0.25,860000,170000,80,3.7,1.4,6750
2019-11,WH-Northwest,55000,0.22,730000,150000,78,3.6,1.5,5875
2019-11,WH-Overseas1,0,0,0,0,0,0,0,0
2019-11,WH-Overseas2,0,0,0,0,0,0,0,0
2019-12,WH-East,86500,0.30,1320000,210000,90,4.2,0.9,10100
2019-12,WH-Central,122000,0.35,1720000,280000,92,4.2,0.8,13600
2019-12,WH-West,76500,0.25,1120000,190000,88,3.9,0.9,8625
2019-12,WH-Northeast,61000,0.20,920000,160000,83,4.0,1.1,7025
2019-12,WH-Southeast,71500,0.28,1070000,180000,86,4.1,1.0,8325
2019-12,WH-Midwest,97000,0.32,1420000,230000,91,4.2,0.8,11025
2019-12,WH-Southwest,65000,0.25,870000,170000,81,3.8,1.3,6775
2019-12,WH-Northwest,55000,0.22,740000,150000,79,3.7,1.4,5900
2019-12,WH-Overseas1,0,0,0,0,0,0,0,0
2019-12,WH-Overseas2,0,0,0,0,0,0,0,0
2020-01,WH-East,88000,0.31,1330000,220000,90,4.2,0.9,10150
2020-01,WH-Central,124000,0.36,1730000,290000,92,4.2,0.8,13700
2020-01,WH-West,78000,0.26,1130000,195000,88,3.9,0.9,8650
2020-01,WH-Northeast,62000,0.21,930000,165000,83,4.0,1.1,7050
2020-01,WH-Southeast,73000,0.29,1080000,185000,86,4.1,1.0,8350
2020-01,WH-Midwest,99000,0.33,1430000,235000,91,4.2,0.8,11050
2020-01,WH-Southwest,67000,0.26,880000,175000,81,3.8,1.3,6800
2020-01,WH-Northwest,56000,0.23,750000,155000,79,3.7,1.4,5925
2020-01,WH-Overseas1,90000,0.40,1200000,250000,85,4.0,1.2,9500
2020-01,WH-Overseas2,0,0,0,0,0,0,0,0
2020-02,WH-East,88000,0.31,1340000,220000,91,4.2,0.9,10200
2020-02,WH-Central,124000,0.36,1740000,290000,93,4.2,0.8,13750
2020-02,WH-West,78000,0.26,1140000,195000,89,3.9,0.9,8675
2020-02,WH-Northeast,62000,0.21,940000,165000,84,4.0,1.1,7075
2020-02,WH-Southeast,73000,0.29,1090000,185000,87,4.1,1.0,8375
2020-02,WH-Midwest,99000,0.33,1440000,235000,92,4.2,0.8,11075
2020-02,WH-Southwest,67000,0.26,890000,175000,82,3.8,1.3,6825
2020-02,WH-Northwest,56000,0.23,760000,155000,80,3.7,1.4,5950
2020-02,WH-Overseas1,90000,0.40,1220000,250000,86,4.1,1.1,9600
2020-02,WH-Overseas2,0,0,0,0,0,0,0,0
2020-03,WH-East,88000,0.31,1350000,220000,91,4.3,0.8,10250
2020-03,WH-Central,124000,0.36,1750000,290000,93,4.3,0.8,13800
2020-03,WH-West,78000,0.26,1150000,195000,89,4.0,0.9,8700
2020-03,WH-Northeast,62000,0.21,950000,165000,84,4.1,1.0,7100
2020-03,WH-Southeast,73000,0.29,1100000,185000,87,4.2,0.9,8400
2020-03,WH-Midwest,99000,0.33,1450000,235000,92,4.3,0.7,11100
2020-03,WH-Southwest,67000,0.26,900000,175000,82,3.9,1.2,6850
2020-03,WH-Northwest,56000,0.23,770000,155000,80,3.8,1.3,5975
2020-03,WH-Overseas1,90000,0.40,1240000,250000,87,4.1,1.1,9700
2020-03,WH-Overseas2,0,0,0,0,0,0,0,0
2020-04,WH-East,88000,0.31,1150000,220000,78,3.6,1.3,8700
2020-04,WH-Central,124000,0.36,1500000,290000,82,3.7,1.2,12000
2020-04,WH-West,78000,0.26,950000,195000,75,3.4,1.4,7500
2020-04,WH-Northeast,62000,0.21,800000,165000,72,3.5,1.6,6200
2020-04,WH-Southeast,73000,0.29,950000,185000,76,3.6,1.5,7400
2020-04,WH-Midwest,99000,0.33,1250000,235000,80,3.6,1.3,9800
2020-04,WH-Southwest,67000,0.26,750000,175000,70,3.3,1.8,6000
2020-04,WH-Northwest,56000,0.23,650000,155000,68,3.2,1.9,5200
2020-04,WH-Overseas1,90000,0.40,950000,250000,70,3.3,1.7,8000
2020-04,WH-Overseas2,0,0,0,0,0,0,0,0
2020-05,WH-East,88000,0.31,1050000,220000,72,3.3,1.5,8000
2020-05,WH-Central,124000,0.36,1350000,290000,75,3.4,1.4,11000
2020-05,WH-West,78000,0.26,850000,195000,68,3.1,1.7,6800
2020-05,WH-Northeast,62000,0.21,720000,165000,65,3.2,1.9,5700
2020-05,WH-Southeast,73000,0.29,850000,185000,69,3.2,1.8,6800
2020-05,WH-Midwest,99000,0.33,1150000,235000,73,3.3,1.6,9000
2020-05,WH-Southwest,67000,0.26,680000,175000,64,3.0,2.1,5500
2020-05,WH-Northwest,56000,0.23,580000,155000,62,2.9,2.2,4800
2020-05,WH-Overseas1,90000,0.40,850000,250000,63,3.0,2.0,7300
2020-05,WH-Overseas2,0,0,0,0,0,0,0,0
2020-06,WH-East,88000,0.31,1080000,220000,74,3.4,1.4,8200
2020-06,WH-Central,124000,0.36,1380000,290000,77,3.5,1.3,11200
2020-06,WH-West,78000,0.26,880000,195000,70,3.2,1.6,7000
2020-06,WH-Northeast,62000,0.21,750000,165000,67,3.3,1.8,5900
2020-06,WH-Southeast,73000,0.29,880000,185000,71,3.3,1.7,7000
2020-06,WH-Midwest,99000,0.33,1180000,235000,75,3.4,1.5,9200
2020-06,WH-Southwest,67000,0.26,710000,175000,66,3.1,2.0,5700
2020-06,WH-Northwest,56000,0.23,610000,155000,64,3.0,2.1,5000
2020-06,WH-Overseas1,90000,0.40,880000,250000,65,3.1,1.9,7500
2020-06,WH-Overseas2,0,0,0,0,0,0,0,0
2020-07,WH-East,88000,0.31,1100000,220000,75,3.5,1.3,8400
2020-07,WH-Central,124000,0.36,1400000,290000,78,3.6,1.2,11400
2020-07,WH-West,78000,0.26,900000,195000,71,3.3,1.5,7200
2020-07,WH-Northeast,62000,0.21,770000,165000,68,3.4,1.7,6000
2020-07,WH-Southeast,73000,0.29,900000,185000,72,3.4,1.6,7200
2020-07,WH-Midwest,99000,0.33,1200000,235000,76,3.5,1.4,9400
2020-07,WH-Southwest,67000,0.26,730000,175000,68,3.2,1.9,5800
2020-07,WH-Northwest,56000,0.23,630000,155000,66,3.1,2.0,5100
2020-07,WH-Overseas1,90000,0.40,900000,250000,67,3.2,1.8,7700
2020-07,WH-Overseas2,80000,0.38,800000,230000,65,3.1,2.0,6800
2020-08,WH-East,88000,0.31,1120000,220000,76,3.5,1.3,8500
2020-08,WH-Central,124000,0.36,1420000,290000,79,3.6,1.2,11500
2020-08,WH-West,78000,0.26,920000,195000,72,3.3,1.5,7300
2020-08,WH-Northeast,62000,0.21,790000,165000,69,3.4,1.7,6100
2020-08,WH-Southeast,73000,0.29,920000,185000,73,3.4,1.6,7300
2020-08,WH-Midwest,99000,0.33,1220000,235000,77,3.5,1.4,9500
2020-08,WH-Southwest,67000,0.26,750000,175000,69,3.2,1.9,5900
2020-08,WH-Northwest,56000,0.23,650000,155000,67,3.1,2.0,5200
2020-08,WH-Overseas1,90000,0.40,920000,250000,68,3.2,1.8,7800
2020-08,WH-Overseas2,80000,0.38,820000,230000,66,3.1,2.0,6900
2020-09,WH-East,88000,0.31,1140000,220000,78,3.6,1.2,8700
2020-09,WH-Central,124000,0.36,1440000,290000,80,3.7,1.1,11700
2020-09,WH-West,78000,0.26,940000,195000,74,3.4,1.4,7400
2020-09,WH-Northeast,62000,0.21,810000,165000,71,3.5,1.6,6200
2020-09,WH-Southeast,73000,0.29,940000,185000,75,3.5,1.5,7400
2020-09,WH-Midwest,99000,0.33,1240000,235000,79,3.6,1.3,9700
2020-09,WH-Southwest,67000,0.26,770000,175000,71,3.3,1.8,6000
2020-09,WH-Northwest,56000,0.23,670000,155000,69,3.2,1.9,5300
2020-09,WH-Overseas1,90000,0.40,940000,250000,70,3.3,1.7,7900
2020-09,WH-Overseas2,80000,0.38,840000,230000,68,3.2,1.9,7000
2020-10,WH-East,90000,0.32,1160000,220000,79,3.6,1.2,8800
2020-10,WH-Central,126000,0.37,1460000,290000,81,3.7,1.1,11800
2020-10,WH-West,80000,0.27,960000,195000,75,3.4,1.4,7500
2020-10,WH-Northeast,63000,0.22,830000,165000,72,3.5,1.6,6300
2020-10,WH-Southeast,75000,0.30,960000,185000,76,3.5,1.5,7500
2020-10,WH-Midwest,101000,0.34,1260000,235000,80,3.6,1.3,9800
2020-10,WH-Southwest,69000,0.27,790000,175000,72,3.3,1.8,6100
2020-10,WH-Northwest,57000,0.24,690000,155000,70,3.2,1.9,5400
2020-10,WH-Overseas1,92000,0.41,960000,250000,71,3.3,1.7,8000
2020-10,WH-Overseas2,82000,0.39,860000,230000,69,3.2,1.9,7100
2020-11,WH-East,90000,0.32,1180000,220000,80,3.7,1.1,9000
2020-11,WH-Central,126000,0.37,1480000,290000,82,3.7,1.0,11900
2020-11,WH-West,80000,0.27,980000,195000,76,3.5,1.3,7600
2020-11,WH-Northeast,63000,0.22,850000,165000,73,3.6,1.5,6400
2020-11,WH-Southeast,75000,0.30,980000,185000,77,3.6,1.4,7600
2020-11,WH-Midwest,101000,0.34,1280000,235000,81,3.7,1.2,9900
2020-11,WH-Southwest,69000,0.27,810000,175000,73,3.4,1.7,6200
2020-11,WH-Northwest,57000,0.24,710000,155000,71,3.3,1.8,5500
2020-11,WH-Overseas1,92000,0.41,980000,250000,72,3.4,1.6,8100
2020-11,WH-Overseas2,82000,0.39,880000,230000,70,3.3,1.8,7200
2020-12,WH-East,90000,0.32,1200000,220000,82,3.8,1.1,9200
2020-12,WH-Central,126000,0.37,1500000,290000,84,3.8,1.0,12000
2020-12,WH-West,80000,0.27,1000000,195000,78,3.6,1.3,7700
2020-12,WH-Northeast,63000,0.22,870000,165000,75,3.7,1.5,6500
2020-12,WH-Southeast,75000,0.30,1000000,185000,79,3.7,1.4,7700
2020-12,WH-Midwest,101000,0.34,1300000,235000,83,3.8,1.2,10000
2020-12,WH-Southwest,69000,0.27,830000,175000,75,3.5,1.7,6300
2020-12,WH-Northwest,57000,0.24,730000,155000,73,3.4,1.8,5600
2020-12,WH-Overseas1,92000,0.41,1000000,250000,74,3.5,1.6,8200
2020-12,WH-Overseas2,82000,0.39,900000,230000,72,3.4,1.8,7300
2021-01,WH-East,92000,0.32,1220000,230000,83,3.8,1.0,9300
2021-01,WH-Central,128000,0.37,1520000,300000,85,3.8,0.9,12100
2021-01,WH-West,82000,0.27,1020000,200000,79,3.6,1.2,7800
2021-01,WH-Northeast,64000,0.22,890000,170000,76,3.7,1.4,6600
2021-01,WH-Southeast,77000,0.30,1020000,190000,80,3.7,1.3,7800
2021-01,WH-Midwest,103000,0.34,1320000,240000,84,3.8,1.1,10100
2021-01,WH-Southwest,71000,0.27,850000,180000,76,3.5,1.6,6400
2021-01,WH-Northwest,58000,0.24,750000,160000,74,3.4,1.7,5700
2021-01,WH-Overseas1,94000,0.41,1020000,255000,75,3.5,1.5,8300
2021-01,WH-Overseas2,84000,0.39,920000,235000,73,3.4,1.7,7400
2021-02,WH-East,92000,0.32,1240000,230000,84,3.9,1.0,9400
2021-02,WH-Central,128000,0.37,1540000,300000,86,3.9,0.9,12200
2021-02,WH-West,82000,0.27,1040000,200000,80,3.7,1.2,7900
2021-02,WH-Northeast,64000,0.22,910000,170000,77,3.8,1.4,6700
2021-02,WH-Southeast,77000,0.30,1040000,190000,81,3.8,1.3,7900
2021-02,WH-Midwest,103000,0.34,1340000,240000,85,3.9,1.1,10200
2021-02,WH-Southwest,71000,0.27,870000,180000,77,3.6,1.6,6500
2021-02,WH-Northwest,58000,0.24,770000,160000,75,3.5,1.7,5800
2021-02,WH-Overseas1,94000,0.41,1040000,255000,76,3.6,1.5,8400
2021-02,WH-Overseas2,84000,0.39,940000,235000,74,3.5,1.7,7500
2021-03,WH-East,92000,0.32,1260000,230000,86,4.0,0.9,9600
2021-03,WH-Central,128000,0.37,1560000,300000,88,4.0,0.8,12300
2021-03,WH-West,82000,0.27,1060000,200000,82,3.8,1.1,8000
2021-03,WH-Northeast,64000,0.22,930000,170000,79,3.9,1.3,6800
2021-03,WH-Southeast,77000,0.30,1060000,190000,83,3.9,1.2,8000
2021-03,WH-Midwest,103000,0.34,1360000,240000,87,4.0,1.0,10300
2021-03,WH-Southwest,71000,0.27,890000,180000,79,3.7,1.5,6600
2021-03,WH-Northwest,58000,0.24,790000,160000,77,3.6,1.6,5900
2021-03,WH-Overseas1,94000,0.41,1060000,255000,78,3.7,1.4,8500
2021-03,WH-Overseas2,84000,0.39,960000,235000,76,3.6,1.6,7600
2021-04,WH-East,92000,0.32,1280000,230000,87,4.0,0.9,9800
2021-04,WH-Central,128000,0.37,1580000,300000,89,4.0,0.8,12400
2021-04,WH-West,82000,0.27,1080000,200000,83,3.8,1.1,8100
2021-04,WH-Northeast,64000,0.22,950000,170000,80,3.9,1.3,6900
2021-04,WH-Southeast,77000,0.30,1080000,190000,84,3.9,1.2,8100
2021-04,WH-Midwest,103000,0.34,1380000,240000,88,4.0,1.0,10400
2021-04,WH-Southwest,71000,0.27,910000,180000,80,3.7,1.5,6700
2021-04,WH-Northwest,58000,0.24,810000,160000,78,3.6,1.6,6000
2021-04,WH-Overseas1,94000,0.41,1080000,255000,79,3.7,1.4,8600
2021-04,WH-Overseas2,84000,0.39,980000,235000,77,3.6,1.6,7700
2021-05,WH-East,92000,0.32,1300000,230000,88,4.1,0.8,9900
2021-05,WH-Central,128000,0.37,1600000,300000,90,4.1,0.7,12500
2021-05,WH-West,82000,0.27,1100000,200000,84,3.9,1.0,8200
2021-05,WH-Northeast,64000,0.22,970000,170000,81,4.0,1.2,7000
2021-05,WH-Southeast,77000,0.30,1100000,190000,85,4.0,1.1,8200
2021-05,WH-Midwest,103000,0.34,1400000,240000,89,4.1,0.9,10500
2021-05,WH-Southwest,71000,0.27,930000,180000,81,3.8,1.4,6800
2021-05,WH-Northwest,58000,0.24,830000,160000,79,3.7,1.5,6100
2021-05,WH-Overseas1,94000,0.41,1100000,255000,80,3.8,1.3,8700
2021-05,WH-Overseas2,84000,0.39,1000000,235000,78,3.7,1.5,7800
2021-06,WH-East,94000,0.33,1320000,230000,90,4.1,0.8,10100
2021-06,WH-Central,130000,0.38,1620000,300000,91,4.1,0.7,12700
2021-06,WH-West,84000,0.28,1120000,200000,85,3.9,1.0,8300
2021-06,WH-Northeast,65000,0.23,990000,170000,82,4.0,1.2,7100
2021-06,WH-Southeast,79000,0.31,1120000,190000,86,4.0,1.1,8300
2021-06,WH-Midwest,105000,0.35,1420000,240000,90,4.1,0.9,10600
2021-06,WH-Southwest,73000,0.28,950000,180000,82,3.8,1.4,6900
2021-06,WH-Northwest,59000,0.25,850000,160000,80,3.7,1.5,6200
2021-06,WH-Overseas1,96000,0.42,1120000,255000,81,3.8,1.3,8800
2021-06,WH-Overseas2,86000,0.40,1020000,235000,79,3.7,1.5,7900
2021-07,WH-East,94000,0.33,1340000,230000,91,4.2,0.8,10200
2021-07,WH-Central,130000,0.38,1640000,300000,92,4.2,0.7,12800
2021-07,WH-West,84000,0.28,1140000,200000,86,4.0,0.9,8400
2021-07,WH-Northeast,65000,0.23,1010000,170000,83,4.1,1.1,7200
2021-07,WH-Southeast,79000,0.31,1140000,190000,87,4.1,1.0,8400
2021-07,WH-Midwest,105000,0.35,1440000,240000,91,4.2,0.8,10700
2021-07,WH-Southwest,73000,0.28,970000,180000,83,3.9,1.3,7000
2021-07,WH-Northwest,59000,0.25,870000,160000,81,3.8,1.4,6300
2021-07,WH-Overseas1,96000,0.42,1140000,255000,82,3.9,1.2,8900
2021-07,WH-Overseas2,86000,0.40,1040000,235000,80,3.8,1.4,8000
2021-08,WH-East,94000,0.33,1360000,230000,92,4.3,0.7,10300
2021-08,WH-Central,130000,0.38,1660000,300000,93,4.3,0.6,12900
2021-08,WH-West,84000,0.28,1160000,200000,87,4.1,0.8,8500
2021-08,WH-Northeast,65000,0.23,1030000,170000,84,4.2,1.0,7300
2021-08,WH-Southeast,79000,0.31,1160000,190000,88,4.2,0.9,8500
2021-08,WH-Midwest,105000,0.35,1460000,240000,92,4.3,0.7,10800
2021-08,WH-Southwest,73000,0.28,990000,180000,84,4.0,1.2,7100
2021-08,WH-Northwest,59000,0.25,890000,160000,82,3.9,1.3,6400
2021-08,WH-Overseas1,96000,0.42,1160000,255000,83,4.0,1.1,9000
2021-08,WH-Overseas2,86000,0.40,1060000,235000,81,3.9,1.3,8100
2021-09,WH-East,94000,0.33,1380000,230000,94,4.3,0.7,10500
2021-09,WH-Central,130000,0.38,1680000,300000,94,4.3,0.6,13000
2021-09,WH-West,84000,0.28,1180000,200000,88,4.1,0.8,8600
2021-09,WH-Northeast,65000,0.23,1050000,170000,85,4.2,1.0,7400
2021-09,WH-Southeast,79000,0.31,1180000,190000,89,4.2,0.9,8600
2021-09,WH-Midwest,105000,0.35,1480000,240000,93,4.3,0.7,10900
2021-09,WH-Southwest,73000,0.28,1010000,180000,85,4.0,1.2,7200
2021-09,WH-Northwest,59000,0.25,910000,160000,83,3.9,1.3,6500
2021-09,WH-Overseas1,96000,0.42,1180000,255000,84,4.0,1.1,9100
2021-09,WH-Overseas2,86000,0.40,1080000,235000,82,3.9,1.3,8200
2021-10,WH-East,94000,0.33,1400000,230000,95,4.4,0.7,10600
2021-10,WH-Central,130000,0.38,1700000,300000,95,4.4,0.6,13100
2021-10,WH-West,84000,0.28,1200000,200000,89,4.2,0.8,8700
2021-10,WH-Northeast,65000,0.23,1070000,170000,86,4.3,1.0,7500
2021-10,WH-Southeast,79000,0.31,1200000,190000,90,4.3,0.9,8700
2021-10,WH-Midwest,105000,0.35,1500000,240000,94,4.4,0.7,11000
2021-10,WH-Southwest,73000,0.28,1030000,180000,86,4.1,1.2,7300
2021-10,WH-Northwest,59000,0.25,930000,160000,84,4.0,1.3,6600
2021-10,WH-Overseas1,96000,0.42,1200000,255000,85,4.1,1.1,9200
2021-10,WH-Overseas2,86000,0.40,1100000,235000,83,4.0,1.3,8300
2021-11,WH-East,94000,0.33,1420000,230000,96,4.5,0.7,10800
2021-11,WH-Central,130000,0.38,1720000,300000,96,4.5,0.6,13200
2021-11,WH-West,84000,0.28,1220000,200000,90,4.3,0.7,8800
2021-11,WH-Northeast,65000,0.23,1090000,170000,87,4.4,0.9,7600
2021-11,WH-Southeast,79000,0.31,1220000,190000,91,4.4,0.8,8800
2021-11,WH-Midwest,105000,0.35,1520000,240000,95,4.5,0.6,11100
2021-11,WH-Southwest,73000,0.28,1050000,180000,87,4.2,1.1,7400
2021-11,WH-Northwest,59000,0.25,950000,160000,85,4.1,1.2,6700
2021-11,WH-Overseas1,96000,0.42,1220000,255000,86,4.2,1.0,9300
2021-11,WH-Overseas2,86000,0.40,1120000,235000,84,4.1,1.2,8400
2021-12,WH-East,94000,0.33,1430000,230000,97,4.5,0.6,10900
2021-12,WH-Central,130000,0.38,1730000,300000,96,4.5,0.6,13300
2021-12,WH-West,84000,0.28,1230000,200000,91,4.3,0.7,8900
2021-12,WH-Northeast,65000,0.23,1100000,170000,88,4.4,0.9,7700
2021-12,WH-Southeast,79000,0.31,1230000,190000,92,4.4,0.8,8900
2021-12,WH-Midwest,105000,0.35,1530000,240000,95,4.5,0.6,11200
2021-12,WH-Southwest,73000,0.28,1060000,180000,88,4.2,1.1,7500
2021-12,WH-Northwest,59000,0.25,960000,160000,86,4.1,1.2,6800
2021-12,WH-Overseas1,96000,0.42,1230000,255000,87,4.2,1.0,9400
2021-12,WH-Overseas2,86000,0.40,1130000,235000,85,4.1,1.2,8500
2022-01,WH-East,98000,0.34,1440000,240000,98,4.5,0.6,11000
2022-01,WH-Central,135000,0.39,1750000,310000,97,4.5,0.6,13500
2022-01,WH-West,87000,0.29,1240000,205000,92,4.3,0.7,9000
2022-01,WH-Northeast,67000,0.24,1110000,175000,89,4.4,0.9,7800
2022-01,WH-Southeast,81000,0.32,1240000,195000,93,4.4,0.8,9000
2022-01,WH-Midwest,109000,0.36,1540000,250000,96,4.5,0.6,11300
2022-01,WH-Southwest,76000,0.29,1070000,185000,89,4.2,1.1,7600
2022-01,WH-Northwest,61000,0.26,970000,165000,87,4.1,1.2,6900
2022-01,WH-Overseas1,100000,0.43,1250000,265000,88,4.2,1.0,9500
2022-01,WH-Overseas2,89000,0.41,1150000,245000,86,4.1,1.2,8600
2022-02,WH-East,98000,0.34,1440000,240000,98,4.5,0.6,11000
2022-02,WH-Central,135000,0.39,1750000,310000,97,4.5,0.6,13500
2022-02,WH-West,87000,0.29,1240000,205000,92,4.3,0.7,9000
2022-02,WH-Northeast,67000,0.24,1110000,175000,89,4.4,0.9,7800
2022-02,WH-Southeast,81000,0.32,1240000,195000,93,4.4,0.8,9000
2022-02,WH-Midwest,109000,0.36,1540000,250000,96,4.5,0.6,11300
2022-02,WH-Southwest,76000,0.29,1070000,185000,89,4.2,1.1,7600
2022-02,WH-Northwest,61000,0.26,970000,165000,87,4.1,1.2,6900
2022-02,WH-Overseas1,100000,0.43,1250000,265000,88,4.2,1.0,9500
2022-02,WH-Overseas2,89000,0.41,1150000,245000,86,4.1,1.2,8600
2022-03,WH-East,98000,0.34,1430000,240000,97,4.5,0.6,10900
2022-03,WH-Central,135000,0.39,1740000,310000,96,4.5,0.6,13400
2022-03,WH-West,87000,0.29,1230000,205000,91,4.3,0.7,8900
2022-03,WH-Northeast,67000,0.24,1100000,175000,88,4.4,0.9,7700
2022-03,WH-Southeast,81000,0.32,1230000,195000,92,4.4,0.8,8900
2022-03,WH-Midwest,109000,0.36,1530000,250000,95,4.5,0.6,11200
2022-03,WH-Southwest,76000,0.29,1060000,185000,88,4.2,1.1,7500
2022-03,WH-Northwest,61000,0.26,960000,165000,86,4.1,1.2,6800
2022-03,WH-Overseas1,100000,0.43,1240000,265000,87,4.2,1.0,9400
2022-03,WH-Overseas2,89000,0.41,1140000,245000,85,4.1,1.2,8500
2022-04,WH-East,98000,0.34,1440000,240000,98,4.5,0.6,11000
2022-04,WH-Central,135000,0.39,1750000,310000,97,4.5,0.6,13500
2022-04,WH-West,87000,0.29,1240000,205000,92,4.3,0.7,9000
2022-04,WH-Northeast,67000,0.24,1110000,175000,89,4.4,0.9,7800
2022-04,WH-Southeast,81000,0.32,1240000,195000,93,4.4,0.8,9000
2022-04,WH-Midwest,109000,0.36,1540000,250000,96,4.5,0.6,11300
2022-04,WH-Southwest,76000,0.29,1070000,185000,89,4.2,1.1,7600
2022-04,WH-Northwest,61000,0.26,970000,165000,87,4.1,1.2,6900
2022-04,WH-Overseas1,100000,0.43,1250000,265000,88,4.2,1.0,9500
2022-04,WH-Overseas2,89000,0.41,1150000,245000,86,4.1,1.2,8600
2022-05,WH-East,98000,0.34,1450000,240000,98,4.5,0.7,11050
2022-05,WH-Central,135000,0.39,1760000,310000,97,4.5,0.6,13550
2022-05,WH-West,87000,0.29,1250000,205000,92,4.3,0.7,9050
2022-05,WH-Northeast,67000,0.24,1120000,175000,89,4.4,0.9,7850
2022-05,WH-Southeast,81000,0.32,1250000,195000,93,4.4,0.8,9050
2022-05,WH-Midwest,109000,0.36,1550000,250000,96,4.5,0.6,11350
2022-05,WH-Southwest,76000,0.29,1080000,185000,89,4.2,1.1,7650
2022-05,WH-Northwest,61000,0.26,980000,165000,87,4.1,1.2,6950
2022-05,WH-Overseas1,100000,0.43,1260000,265000,88,4.2,1.0,9550
2022-05,WH-Overseas2,89000,0.41,1160000,245000,86,4.1,1.2,8650
2022-06,WH-East,98000,0.34,1440000,240000,98,4.5,0.7,11000
2022-06,WH-Central,135000,0.39,1750000,310000,97,4.5,0.6,13500
2022-06,WH-West,87000,0.29,1240000,205000,92,4.3,0.7,9000
2022-06,WH-Northeast,67000,0.24,1110000,175000,89,4.4,0.9,7800
2022-06,WH-Southeast,81000,0.32,1240000,195000,93,4.4,0.8,9000
2022-06,WH-Midwest,109000,0.36,1540000,250000,96,4.5,0.6,11300
2022-06,WH-Southwest,76000,0.29,1070000,185000,89,4.2,1.1,7600
2022-06,WH-Northwest,61000,0.26,970000,165000,87,4.1,1.2,6900
2022-06,WH-Overseas1,100000,0.43,1250000,265000,88,4.2,1.0,9500
2022-06,WH-Overseas2,89000,0.41,1150000,245000,86,4.1,1.2,8600
2022-07,WH-East,98000,0.34,1450000,240000,98,4.5,0.7,11050
2022-07,WH-Central,135000,0.39,1760000,310000,97,4.5,0.6,13550
2022-07,WH-West,87000,0.29,1250000,205000,92,4.3,0.7,9050
2022-07,WH-Northeast,67000,0.24,1120000,175000,89,4.4,0.9,7850
2022-07,WH-Southeast,81000,0.32,1250000,195000,93,4.4,0.8,9050
2022-07,WH-Midwest,109000,0.36,1550000,250000,96,4.5,0.6,11350
2022-07,WH-Southwest,76000,0.29,1080000,185000,89,4.2,1.1,7650
2022-07,WH-Northwest,61000,0.26,980000,165000,87,4.1,1.2,6950
2022-07,WH-Overseas1,100000,0.43,1260000,265000,88,4.2,1.0,9550
2022-07,WH-Overseas2,89000,0.41,1160000,245000,86,4.1,1.2,8650
2022-08,WH-East,100000,0.35,1450000,240000,98,4.5,0.7,11050
2022-08,WH-Central,137000,0.40,1760000,310000,97,4.5,0.6,13550
2022-08,WH-West,89000,0.30,1250000,205000,92,4.3,0.7,9050
2022-08,WH-Northeast,68000,0.25,1120000,175000,89,4.4,0.9,7850
2022-08,WH-Southeast,83000,0.33,1250000,195000,93,4.4,0.8,9050
2022-08,WH-Midwest,111000,0.37,1550000,250000,96,4.5,0.6,11350
2022-08,WH-Southwest,78000,0.30,1080000,185000,89,4.2,1.1,7650
2022-08,WH-Northwest,62000,0.27,980000,165000,87,4.1,1.2,6950
2022-08,WH-Overseas1,103000,0.44,1260000,265000,88,4.2,1.0,9550
2022-08,WH-Overseas2,91000,0.42,1160000,245000,86,4.1,1.2,8650
2022-09,WH-East,100000,0.35,1440000,240000,98,4.5,0.7,11000
2022-09,WH-Central,137000,0.40,1750000,310000,97,4.5,0.6,13500
2022-09,WH-West,89000,0.30,1240000,205000,92,4.3,0.7,9000
2022-09,WH-Northeast,68000,0.25,1110000,175000,89,4.4,0.9,7800
2022-09,WH-Southeast,83000,0.33,1240000,195000,93,4.4,0.8,9000
2022-09,WH-Midwest,111000,0.37,1540000,250000,96,4.5,0.6,11300
2022-09,WH-Southwest,78000,0.30,1070000,185000,89,4.2,1.1,7600
2022-09,WH-Northwest,62000,0.27,970000,165000,87,4.1,1.2,6900
2022-09,WH-Overseas1,103000,0.44,1250000,265000,88,4.2,1.0,9500
2022-09,WH-Overseas2,91000,0.42,1150000,245000,86,4.1,1.2,8600
2022-10,WH-East,100000,0.35,1450000,240000,98,4.5,0.8,11050
2022-10,WH-Central,137000,0.40,1760000,310000,97,4.5,0.7,13550
2022-10,WH-West,89000,0.30,1250000,205000,92,4.3,0.8,9050
2022-10,WH-Northeast,68000,0.25,1120000,175000,89,4.4,1.0,7850
2022-10,WH-Southeast,83000,0.33,1250000,195000,93,4.4,0.9,9050
2022-10,WH-Midwest,111000,0.37,1550000,250000,96,4.5,0.7,11350
2022-10,WH-Southwest,78000,0.30,1080000,185000,89,4.2,1.2,7650
2022-10,WH-Northwest,62000,0.27,980000,165000,87,4.1,1.3,6950
2022-10,WH-Overseas1,103000,0.44,1260000,265000,88,4.2,1.1,9550
2022-10,WH-Overseas2,91000,0.42,1160000,245000,86,4.1,1.3,8650
2022-11,WH-East,100000,0.35,1450000,240000,98,4.5,0.8,11050
2022-11,WH-Central,137000,0.40,1760000,310000,97,4.5,0.7,13550
2022-11,WH-West,89000,0.30,1250000,205000,92,4.3,0.8,9050
2022-11,WH-Northeast,68000,0.25,1120000,175000,89,4.4,1.0,7850
2022-11,WH-Southeast,83000,0.33,1250000,195000,93,4.4,0.9,9050
2022-11,WH-Midwest,111000,0.37,1550000,250000,96,4.5,0.7,11350
2022-11,WH-Southwest,78000,0.30,1080000,185000,89,4.2,1.2,7650
2022-11,WH-Northwest,62000,0.27,980000,165000,87,4.1,1.3,6950
2022-11,WH-Overseas1,103000,0.44,1260000,265000,88,4.2,1.1,9550
2022-11,WH-Overseas2,91000,0.42,1160000,245000,86,4.1,1.3,8650
2022-12,WH-East,100000,0.35,1450000,240000,98,4.5,0.8,11050
2022-12,WH-Central,137000,0.40,1760000,310000,97,4.5,0.7,13550
2022-12,WH-West,89000,0.30,1250000,205000,92,4.3,0.8,9050
2022-12,WH-Northeast,68000,0.25,1120000,175000,89,4.4,1.0,7850
2022-12,WH-Southeast,83000,0.33,1250000,195000,93,4.4,0.9,9050
2022-12,WH-Midwest,111000,0.37,1550000,250000,96,4.5,0.7,11350
2022-12,WH-Southwest,78000,0.30,1080000,185000,89,4.2,1.2,7650
2022-12,WH-Northwest,62000,0.27,980000,165000,87,4.1,1.3,6950
2022-12,WH-Overseas1,103000,0.44,1260000,265000,88,4.2,1.1,9550
2022-12,WH-Overseas2,91000,0.42,1160000,245000,86,4.1,1.3,8650
2023-01,WH-East,102000,0.35,1450000,245000,98,4.5,0.8,11050
2023-01,WH-Central,140000,0.40,1760000,310000,97,4.5,0.7,13550
2023-01,WH-West,91000,0.30,1250000,215000,92,4.3,0.8,9050
2023-01,WH-Northeast,69000,0.25,1120000,180000,89,4.4,1.0,7850
2023-01,WH-Southeast,85000,0.33,1250000,200000,93,4.4,0.9,9050
2023-01,WH-Midwest,113000,0.37,1550000,255000,96,4.5,0.7,11350
2023-01,WH-Southwest,80000,0.30,1080000,190000,89,4.2,1.2,7650
2023-01,WH-Northwest,64000,0.27,980000,170000,87,4.1,1.3,6950
2023-01,WH-Overseas1,105000,0.44,1260000,265000,88,4.2,1.1,9550
2023-01,WH-Overseas2,93000,0.42,1160000,245000,86,4.1,1.3,8650
2023-02,WH-East,102000,0.35,1450000,245000,98,4.5,0.8,11050
2023-02,WH-Central,140000,0.40,1760000,310000,97,4.5,0.7,13550
2023-02,WH-West,91000,0.30,1250000,215000,92,4.3,0.8,9050
2023-02,WH-Northeast,69000,0.25,1120000,180000,89,4.4,1.0,7850
2023-02,WH-Southeast,85000,0.33,1250000,200000,93,4.4,0.9,9050
2023-02,WH-Midwest,113000,0.37,1550000,255000,96,4.5,0.7,11350
2023-02,WH-Southwest,80000,0.30,1080000,190000,89,4.2,1.2,7650
2023-02,WH-Northwest,64000,0.27,980000,170000,87,4.1,1.3,6950
2023-02,WH-Overseas1,105000,0.44,1260000,265000,88,4.2,1.1,9550
2023-02,WH-Overseas2,93000,0.42,1160000,245000,86,4.1,1.3,8650
2023-03,WH-East,102000,0.35,1450000,245000,98,4.5,0.8,11050
2023-03,WH-Central,140000,0.40,1760000,310000,97,4.5,0.7,13550
2023-03,WH-West,91000,0.30,1250000,215000,92,4.3,0.8,9050
2023-03,WH-Northeast,69000,0.25,1120000,180000,89,4.4,1.0,7850
2023-03,WH-Southeast,85000,0.33,1250000,200000,93,4.4,0.9,9050
2023-03,WH-Midwest,113000,0.37,1550000,255000,96,4.5,0.7,11350
2023-03,WH-Southwest,80000,0.30,1080000,190000,89,4.2,1.2,7650
2023-03,WH-Northwest,64000,0.27,980000,170000,87,4.1,1.3,6950
2023-03,WH-Overseas1,105000,0.44,1260000,265000,88,4.2,1.1,9550
2023-03,WH-Overseas2,93000,0.42,1160000,245000,86,4.1,1.3,8650
2023-04,WH-East,102000,0.35,1450000,245000,98,4.5,0.8,11050
2023-04,WH-Central,140000,0.40,1760000,310000,97,4.5,0.7,13550
2023-04,WH-West,91000,0.30,1250000,215000,92,4.3,0.8,9050
2023-04,WH-Northeast,69000,0.25,1120000,180000,89,4.4,1.0,7850
2023-04,WH-Southeast,85000,0.33,1250000,200000,93,4.4,0.9,9050
2023-04,WH-Midwest,113000,0.37,1550000,255000,96,4.5,0.7,11350
2023-04,WH-Southwest,80000,0.30,1080000,190000,89,4.2,1.2,7650
2023-04,WH-Northwest,64000,0.27,980000,170000,87,4.1,1.3,6950
2023-04,WH-Overseas1,105000,0.44,1260000,265000,88,4.2,1.1,9550
2023-04,WH-Overseas2,93000,0.42,1160000,245000,86,4.1,1.3,8650
2023-05,WH-East,102000,0.35,1450000,245000,98,4.5,0.8,11050
2023-05,WH-Central,140000,0.40,1760000,310000,97,4.5,0.7,13550
2023-05,WH-West,91000,0.30,1250000,215000,92,4.3,0.8,9050
2023-05,WH-Northeast,69000,0.25,1120000,180000,89,4.4,1.0,7850
2023-05,WH-Southeast,85000,0.33,1250000,200000,93,4.4,0.9,9050
2023-05,WH-Midwest,113000,0.37,1550000,255000,96,4.5,0.7,11350
2023-05,WH-Southwest,80000,0.30,1080000,190000,89,4.2,1.2,7650
2023-05,WH-Northwest,64000,0.27,980000,170000,87,4.1,1.3,6950
2023-05,WH-Overseas1,105000,0.44,1260000,265000,88,4.2,1.1,9550
2023-05,WH-Overseas2,93000,0.42,1160000,245000,86,4.1,1.3,8650
2023-06,WH-East,102000,0.35,1450000,245000,98,4.5,0.8,11050
2023-06,WH-Central,140000,0.40,1760000,310000,97,4.5,0.7,13550
2023-06,WH-West,91000,0.30,1250000,215000,92,4.3,0.8,9050
2023-06,WH-Northeast,69000,0.25,1120000,180000,89,4.4,1.0,7850
2023-06,WH-Southeast,85000,0.33,1250000,200000,93,4.4,0.9,9050
2023-06,WH-Midwest,113000,0.37,1550000,255000,96,4.5,0.7,11350
2023-06,WH-Southwest,80000,0.30,1080000,190000,89,4.2,1.2,7650
2023-06,WH-Northwest,64000,0.27,980000,170000,87,4.1,1.3,6950
2023-06,WH-Overseas1,105000,0.44,1260000,265000,88,4.2,1.1,9550
2023-06,WH-Overseas2,93000,0.42,1160000,245000,86,4.1,1.3,8650
2023-07,WH-East,102000,0.35,1450000,245000,98,4.5,0.8,11050
2023-07,WH-Central,140000,0.40,1760000,310000,97,4.5,0.7,13550
2023-07,WH-West,91000,0.30,1250000,215000,92,4.3,0.8,9050
2023-07,WH-Northeast,69000,0.25,1120000,180000,89,4.4,1.0,7850
2023-07,WH-Southeast,85000,0.33,1250000,200000,93,4.4,0.9,9050
2023-07,WH-Midwest,113000,0.37,1550000,255000,96,4.5,0.7,11350
2023-07,WH-Southwest,80000,0.30,1080000,190000,89,4.2,1.2,7650
2023-07,WH-Northwest,64000,0.27,980000,170000,87,4.1,1.3,6950
2023-07,WH-Overseas1,105000,0.44,1260000,265000,88,4.2,1.1,9550
2023-07,WH-Overseas2,93000,0.42,1160000,245000,86,4.1,1.3,8650
2023-08,WH-East,102000,0.35,1450000,245000,98,4.5,0.8,11050
2023-08,WH-Central,140000,0.40,1760000,310000,97,4.5,0.7,13550
2023-08,WH-West,91000,0.30,1250000,215000,92,4.3,0.8,9050
2023-08,WH-Northeast,69000,0.25,1120000,180000,89,4.4,1.0,7850
2023-08,WH-Southeast,85000,0.33,1250000,200000,93,4.4,0.9,9050
2023-08,WH-Midwest,113000,0.37,1550000,255000,96,4.5,0.7,11350
2023-08,WH-Southwest,80000,0.30,1080000,190000,89,4.2,1.2,7650
2023-08,WH-Northwest,64000,0.27,980000,170000,87,4.1,1.3,6950
2023-08,WH-Overseas1,105000,0.44,1260000,265000,88,4.2,1.1,9550
2023-08,WH-Overseas2,93000,0.42,1160000,245000,86,4.1,1.3,8650
2023-09,WH-East,102000,0.35,1450000,245000,98,4.5,0.8,11050
2023-09,WH-Central,140000,0.40,1760000,310000,97,4.5,0.7,13550
2023-09,WH-West,91000,0.30,1250000,215000,92,4.3,0.8,9050
2023-09,WH-Northeast,69000,0.25,1120000,180000,89,4.4,1.0,7850
2023-09,WH-Southeast,85000,0.33,1250000,200000,93,4.4,0.9,9050
2023-09,WH-Midwest,113000,0.37,1550000,255000,96,4.5,0.7,11350
2023-09,WH-Southwest,80000,0.30,1080000,190000,89,4.2,1.2,7650
2023-09,WH-Northwest,64000,0.27,980000,170000,87,4.1,1.3,6950
2023-09,WH-Overseas1,105000,0.44,1260000,265000,88,4.2,1.1,9550
2023-09,WH-Overseas2,93000,0.42,1160000,245000,86,4.1,1.3,8650
2023-10,WH-East,102000,0.35,1450000,245000,98,4.5,0.8,11050
2023-10,WH-Central,140000,0.40,1760000,310000,97,4.5,0.7,13550
2023-10,WH-West,91000,0.30,1250000,215000,92,4.3,0.8,9050
2023-10,WH-Northeast,69000,0.25,1120000,180000,89,4.4,1.0,7850
2023-10,WH-Southeast,85000,0.33,1250000,200000,93,4.4,0.9,9050
2023-10,WH-Midwest,113000,0.37,1550000,255000,96,4.5,0.7,11350
2023-10,WH-Southwest,80000,0.30,1080000,190000,89,4.2,1.2,7650
2023-10,WH-Northwest,64000,0.27,980000,170000,87,4.1,1.3,6950
2023-10,WH-Overseas1,105000,0.44,1260000,265000,88,4.2,1.1,9550
2023-10,WH-Overseas2,93000,0.42,1160000,245000,86,4.1,1.3,8650
2023-11,WH-East,102000,0.35,1450000,245000,98,4.5,0.8,11050
2023-11,WH-Central,140000,0.40,1760000,310000,97,4.5,0.7,13550
2023-11,WH-West,91000,0.30,1250000,215000,92,4.3,0.8,9050
2023-11,WH-Northeast,69000,0.25,1120000,180000,89,4.4,1.0,7850
2023-11,WH-Southeast,85000,0.33,1250000,200000,93,4.4,0.9,9050
2023-11,WH-Midwest,113000,0.37,1550000,255000,96,4.5,0.7,11350
2023-11,WH-Southwest,80000,0.30,1080000,190000,89,4.2,1.2,7650
2023-11,WH-Northwest,64000,0.27,980000,170000,87,4.1,1.3,6950
2023-11,WH-Overseas1,105000,0.44,1260000,265000,88,4.2,1.1,9550
2023-11,WH-Overseas2,93000,0.42,1160000,245000,86,4.1,1.3,8650
2023-12,WH-East,102000,0.35,1450000,245000,98,4.5,0.8,11050
2023-12,WH-Central,140000,0.40,1760000,310000,97,4.5,0.7,13550
2023-12,WH-West,91000,0.30,1250000,215000,92,4.3,0.8,9050
2023-12,WH-Northeast,69000,0.25,1120000,180000,89,4.4,1.0,7850
2023-12,WH-Southeast,85000,0.33,1250000,200000,93,4.4,0.9,9050
2023-12,WH-Midwest,113000,0.37,1550000,255000,96,4.5,0.7,11350
2023-12,WH-Southwest,80000,0.30,1080000,190000,89,4.2,1.2,7650
2023-12,WH-Northwest,64000,0.27,980000,170000,87,4.1,1.3,6950
2023-12,WH-Overseas1,105000,0.44,1260000,265000,88,4.2,1.1,9550
2023-12,WH-Overseas2,93000,0.42,1160000,245000,86,4.1,1.3,8650
2024-01,WH-East,105000,0.36,1470000,252000,98,4.6,0.7,11100
2024-01,WH-Central,144000,0.41,1790000,318000,96,4.7,0.6,13600
2024-01,WH-West,94000,0.31,1265000,225000,97,4.5,0.7,9100
2024-01,WH-Northeast,71000,0.26,1135000,198000,96,4.4,0.8,7900
2024-01,WH-Southeast,87000,0.34,1265000,212000,95,4.5,0.7,9100
2024-01,WH-Midwest,116000,0.38,1565000,260000,95,4.6,0.6,11400
2024-01,WH-Southwest,82000,0.31,1095000,200000,94,4.3,1.0,7700
2024-01,WH-Northwest,66000,0.28,995000,180000,95,4.2,1.1,7000
2024-01,WH-Overseas1,108000,0.45,1275000,275000,95,4.3,0.9,9600
2024-01,WH-Overseas2,96000,0.43,1175000,250000,94,4.2,1.1,8700
2024-02,WH-East,105000,0.36,1480000,252000,99,4.6,0.7,11150
2024-02,WH-Central,144000,0.41,1800000,318000,97,4.7,0.6,13650
2024-02,WH-West,94000,0.31,1275000,225000,98,4.5,0.7,9150
2024-02,WH-Northeast,71000,0.26,1145000,198000,97,4.4,0.8,7950
2024-02,WH-Southeast,87000,0.34,1275000,212000,96,4.5,0.7,9150
2024-02,WH-Midwest,116000,0.38,1575000,260000,96,4.6,0.6,11450
2024-02,WH-Southwest,82000,0.31,1105000,200000,95,4.3,1.0,7750
2024-02,WH-Northwest,66000,0.28,1005000,180000,96,4.2,1.1,7050
2024-02,WH-Overseas1,108000,0.45,1285000,275000,96,4.3,0.9,9650
2024-02,WH-Overseas2,96000,0.43,1185000,250000,95,4.2,1.1,8750
2024-03,WH-East,105000,0.36,1490000,252000,99,4.6,0.7,11200
2024-03,WH-Central,144000,0.41,1810000,318000,97,4.7,0.6,13700
2024-03,WH-West,94000,0.31,1285000,225000,98,4.5,0.7,9200
2024-03,WH-Northeast,71000,0.26,1155000,198000,97,4.4,0.8,8000
2024-03,WH-Southeast,87000,0.34,1285000,212000,96,4.5,0.7,9200
2024-03,WH-Midwest,116000,0.38,1585000,260000,96,4.6,0.6,11500
2024-03,WH-Southwest,82000,0.31,1115000,200000,95,4.3,1.0,7800
2024-03,WH-Northwest,66000,0.28,1015000,180000,96,4.2,1.1,7100
2024-03,WH-Overseas1,108000,0.45,1295000,275000,96,4.3,0.9,9700
2024-03,WH-Overseas2,96000,0.43,1195000,250000,95,4.2,1.1,8800
2024-04,WH-East,105000,0.36,1500000,252000,99,4.7,0.7,11250
2024-04,WH-Central,144000,0.41,1820000,318000,97,4.8,0.6,13750
2024-04,WH-West,94000,0.31,1295000,225000,98,4.6,0.7,9250
2024-04,WH-Northeast,71000,0.26,1165000,198000,97,4.5,0.8,8050
2024-04,WH-Southeast,87000,0.34,1295000,212000,96,4.6,0.7,9250
2024-04,WH-Midwest,116000,0.38,1595000,260000,96,4.7,0.6,11550
2024-04,WH-Southwest,82000,0.31,1125000,200000,95,4.4,1.0,7850
2024-04,WH-Northwest,66000,0.28,1025000,180000,96,4.3,1.1,7150
2024-04,WH-Overseas1,108000,0.45,1305000,275000,96,4.4,0.9,9750
2024-04,WH-Overseas2,96000,0.43,1205000,250000,95,4.3,1.1,8850
2024-05,WH-East,105000,0.36,1510000,252000,99,4.7,0.7,11300
2024-05,WH-Central,144000,0.41,1830000,318000,97,4.8,0.6,13800
2024-05,WH-West,94000,0.31,1305000,225000,98,4.6,0.7,9300
2024-05,WH-Northeast,71000,0.26,1175000,198000,97,4.5,0.8,8100
2024-05,WH-Southeast,87000,0.34,1305000,212000,96,4.6,0.7,9300
2024-05,WH-Midwest,116000,0.38,1605000,260000,96,4.7,0.6,11600
2024-05,WH-Southwest,82000,0.31,1135000,200000,95,4.4,1.0,7900
2024-05,WH-Northwest,66000,0.28,1035000,180000,96,4.3,1.1,7200
2024-05,WH-Overseas1,108000,0.45,1315000,275000,96,4.4,0.9,9800
2024-05,WH-Overseas2,96000,0.43,1215000,250000,95,4.3,1.1,8900
2024-06,WH-East,105000,0.36,1520000,252000,99,4.7,0.7,11350
2024-06,WH-Central,144000,0.41,1840000,318000,97,4.8,0.6,13850
2024-06,WH-West,94000,0.31,1315000,225000,98,4.6,0.7,9350
2024-06,WH-Northeast,71000,0.26,1185000,198000,97,4.5,0.8,8150
2024-06,WH-Southeast,87000,0.34,1315000,212000,96,4.6,0.7,9350
2024-06,WH-Midwest,116000,0.38,1615000,260000,96,4.7,0.6,11650
2024-06,WH-Southwest,82000,0.31,1145000,200000,95,4.4,1.0,7950
2024-06,WH-Northwest,66000,0.28,1045000,180000,96,4.3,1.1,7250
2024-06,WH-Overseas1,108000,0.45,1325000,275000,96,4.4,0.9,9850
2024-06,WH-Overseas2,96000,0.43,1225000,250000,95,4.3,1.1,8950
2024-07,WH-East,108000,0.36,1530000,252000,99,4.8,0.7,11400
2024-07,WH-Central,147000,0.41,1850000,318000,97,4.9,0.6,13900
2024-07,WH-West,97000,0.31,1325000,225000,98,4.7,0.7,9400
2024-07,WH-Northeast,73000,0.26,1195000,198000,97,4.6,0.8,8200
2024-07,WH-Southeast,89000,0.34,1325000,212000,96,4.7,0.7,9400
2024-07,WH-Midwest,119000,0.38,1625000,260000,96,4.8,0.6,11700
2024-07,WH-Southwest,84000,0.31,1155000,200000,95,4.5,1.0,8000
2024-07,WH-Northwest,68000,0.28,1055000,180000,96,4.4,1.1,7300
2024-07,WH-Overseas1,111000,0.45,1335000,275000,96,4.5,0.9,9900
2024-07,WH-Overseas2,98000,0.43,1235000,250000,95,4.4,1.1,9000
2024-08,WH-East,108000,0.36,1540000,252000,99,4.8,0.7,11450
2024-08,WH-Central,147000,0.41,1860000,318000,97,4.9,0.6,13950
2024-08,WH-West,97000,0.31,1335000,225000,98,4.7,0.7,9450
2024-08,WH-Northeast,73000,0.26,1205000,198000,97,4.6,0.8,8250
2024-08,WH-Southeast,89000,0.34,1335000,212000,96,4.7,0.7,9450
2024-08,WH-Midwest,119000,0.38,1635000,260000,96,4.8,0.6,11750
2024-08,WH-Southwest,84000,0.31,1165000,200000,95,4.5,1.0,8050
2024-08,WH-Northwest,68000,0.28,1065000,180000,96,4.4,1.1,7350
2024-08,WH-Overseas1,111000,0.45,1345000,275000,96,4.5,0.9,9950
2024-08,WH-Overseas2,98000,0.43,1245000,250000,95,4.4,1.1,9050
2024-09,WH-East,108000,0.36,1550000,252000,99,4.8,0.7,11500
2024-09,WH-Central,147000,0.41,1870000,318000,97,4.9,0.6,14000
2024-09,WH-West,97000,0.31,1345000,225000,98,4.7,0.7,9500
2024-09,WH-Northeast,73000,0.26,1215000,198000,97,4.6,0.8,8300
2024-09,WH-Southeast,89000,0.34,1345000,212000,96,4.7,0.7,9500
2024-09,WH-Midwest,119000,0.38,1645000,260000,96,4.8,0.6,11800
2024-09,WH-Southwest,84000,0.31,1175000,200000,95,4.5,1.0,8100
2024-09,WH-Northwest,68000,0.28,1075000,180000,96,4.4,1.1,7400
2024-09,WH-Overseas1,111000,0.45,1355000,275000,96,4.5,0.9,10000
2024-09,WH-Overseas2,98000,0.43,1255000,250000,95,4.4,1.1,9100
2024-10,WH-East,108000,0.36,1560000,252000,99,4.9,0.7,11550
2024-10,WH-Central,147000,0.41,1880000,318000,97,5.0,0.6,14050
2024-10,WH-West,97000,0.31,1355000,225000,98,4.8,0.7,9550
2024-10,WH-Northeast,73000,0.26,1225000,198000,97,4.7,0.8,8350
2024-10,WH-Southeast,89000,0.34,1355000,212000,96,4.8,0.7,9550
2024-10,WH-Midwest,119000,0.38,1655000,260000,96,4.9,0.6,11850
2024-10,WH-Southwest,84000,0.31,1185000,200000,95,4.6,1.0,8150
2024-10,WH-Northwest,68000,0.28,1085000,180000,96,4.5,1.1,7450
2024-10,WH-Overseas1,111000,0.45,1365000,275000,96,4.6,0.9,10050
2024-10,WH-Overseas2,98000,0.43,1265000,250000,95,4.5,1.1,9150
2024-11,WH-East,108000,0.36,1570000,252000,99,4.9,0.7,11600
2024-11,WH-Central,147000,0.41,1890000,318000,97,5.0,0.6,14100
2024-11,WH-West,97000,0.31,1365000,225000,98,4.8,0.7,9600
2024-11,WH-Northeast,73000,0.26,1235000,198000,97,4.7,0.8,8400
2024-11,WH-Southeast,89000,0.34,1365000,212000,96,4.8,0.7,9600
2024-11,WH-Midwest,119000,0.38,1665000,260000,96,4.9,0.6,11900
2024-11,WH-Southwest,84000,0.31,1195000,200000,95,4.6,1.0,8200
2024-11,WH-Northwest,68000,0.28,1095000,180000,96,4.5,1.1,7500
2024-11,WH-Overseas1,111000,0.45,1375000,275000,96,4.6,0.9,10100
2024-11,WH-Overseas2,98000,0.43,1275000,250000,95,4.5,1.1,9200
2024-12,WH-East,108000,0.36,1580000,252000,99,4.9,0.7,11650
2024-12,WH-Central,147000,0.41,1900000,318000,97,5.0,0.6,14150
2024-12,WH-West,97000,0.31,1375000,225000,98,4.8,0.7,9650
2024-12,WH-Northeast,73000,0.26,1245000,198000,97,4.7,0.8,8450
2024-12,WH-Southeast,89000,0.34,1375000,212000,96,4.8,0.7,9650
2024-12,WH-Midwest,119000,0.38,1675000,260000,96,4.9,0.6,11950
2024-12,WH-Southwest,84000,0.31,1205000,200000,95,4.6,1.0,8250
2024-12,WH-Northwest,68000,0.28,1105000,180000,96,4.5,1.1,7550
2024-12,WH-Overseas1,111000,0.45,1385000,275000,96,4.6,0.9,10150
2024-12,WH-Overseas2,98000,0.43,1285000,250000,95,4.5,1.1,9250